{"cameraMode":{"drawMode":0,"name":"Shaded","section":"Shading Mode"},"sceneLighting":false,"audioPlay":false,"sceneViewState":{"showFog":true,"showMaterialUpdate":false,"showSkybox":true,"showFlares":true,"showImageEffects":true,"showParticleSystems":true},"in2DMode":false,"pivot":{"x":-46.02986145019531,"y":1.00600004196167,"z":-22.682510375976564},"rotation":{"x":0.3760567605495453,"y":-0.06099570915102959,"z":0.025145644322037698,"w":0.9243664741516113},"size":12.048595428466797,"orthographic":true}