{"cameraMode":{"drawMode":0,"name":"Shaded","section":"Shading Mode"},"sceneLighting":false,"audioPlay":false,"sceneViewState":{"showFog":true,"showMaterialUpdate":false,"showSkybox":true,"showFlares":true,"showImageEffects":true,"showParticleSystems":true},"in2DMode":false,"pivot":{"x":-0.6646130084991455,"y":2.335676670074463,"z":0.6318284273147583},"rotation":{"x":0.0010510665597394109,"y":-0.7134413719177246,"z":0.0010701741557568312,"w":0.7007139921188355},"size":4.105764389038086,"orthographic":true}