{"cameraMode":{"drawMode":0,"name":"Shaded","section":"Shading Mode"},"sceneLighting":false,"audioPlay":false,"sceneViewState":{"showFog":true,"showMaterialUpdate":false,"showSkybox":true,"showFlares":true,"showImageEffects":true,"showParticleSystems":true},"in2DMode":false,"pivot":{"x":-45.64500045776367,"y":0.7799999713897705,"z":-9.222000122070313},"rotation":{"x":0.3760567605495453,"y":-0.06099570915102959,"z":0.025145644322037698,"w":0.9243664741516113},"size":1.0104146003723145,"orthographic":true}