{"cameraMode":{"drawMode":0,"name":"Shaded","section":"Shading Mode"},"sceneLighting":false,"audioPlay":false,"sceneViewState":{"showFog":true,"showMaterialUpdate":false,"showSkybox":true,"showFlares":true,"showImageEffects":true,"showParticleSystems":true},"in2DMode":false,"pivot":{"x":-6.184928894042969,"y":0.41135287284851076,"z":-4.138510704040527},"rotation":{"x":0.4617917835712433,"y":0.033419977873563769,"z":-0.01697670854628086,"w":0.8863170146942139},"size":2.8578836917877199,"orthographic":false}