{"cameraMode":{"drawMode":0,"name":"Shaded","section":"Shading Mode"},"sceneLighting":false,"audioPlay":false,"sceneViewState":{"showFog":true,"showMaterialUpdate":false,"showSkybox":true,"showFlares":true,"showImageEffects":true,"showParticleSystems":true},"in2DMode":false,"pivot":{"x":-46.900001525878909,"y":4.610000133514404,"z":-13.469230651855469},"rotation":{"x":0.10122130811214447,"y":-0.8870765566825867,"z":0.23360946774482728,"w":0.38538452982902529},"size":1.4289418458938599,"orthographic":true}