{"cameraMode":{"drawMode":0,"name":"Shaded","section":"Shading Mode"},"sceneLighting":true,"audioPlay":false,"sceneViewState":{"showFog":true,"showMaterialUpdate":false,"showSkybox":true,"showFlares":true,"showImageEffects":true,"showParticleSystems":true},"in2DMode":false,"pivot":{"x":16.209999084472658,"y":-1.0,"z":-11.619999885559082},"rotation":{"x":0.2951374351978302,"y":-0.18195848166942597,"z":0.057620421051979068,"w":0.9363287091255188},"size":4.041658401489258,"orthographic":true}